"LANGUAGE","NAME","VERSION","LICENSES","COPYRIGHTS","URL"
"java","aopalliance:aopalliance","1.0","PUBDOM","","https://mvnrepository.com/artifact/aopalliance/aopalliance"
"java","asm:asm","3.3.1","BSD,BSD-3-Clause","","https://mvnrepository.com/artifact/asm/asm"
"java","axis","1.4","Apache-2.0","","https://mvnrepository.com/artifact/axis/"
"java","axis:axis-ant","1.4","Apache-2.0","","https://mvnrepository.com/artifact/axis/axis-ant"
"java","axis:axis-jaxrpc","1.4","Apache-2.0","","https://mvnrepository.com/artifact/axis/axis-jaxrpc"
"java","axis:axis-saaj","1.2.1","Apache-2.0","","https://mvnrepository.com/artifact/axis/axis-saaj"
"java","cglib:cglib","2.2.2","Apache-2.0","","https://mvnrepository.com/artifact/cglib/cglib"
"java","com.auth0:java-jwt","3.3.0","MIT","Copyright (c) 2015 Auth0, Inc. <support@auth0.com> (http://auth0.com)","https://mvnrepository.com/artifact/com.auth0/java-jwt"
"java","com.fasterxml.jackson.core:jackson-annotations","2.9.9","Apache-2.0","","https://mvnrepository.com/artifact/com.fasterxml.jackson.core/jackson-annotations"
"java","com.fasterxml.jackson.core:jackson-core","2.9.9","Apache-2.0","Copyright (c) 2007 Tatu Saloranta, tatu.salorantaiki.fi/package tools.jackson.core;","https://mvnrepository.com/artifact/com.fasterxml.jackson.core/jackson-core"
"java","com.fasterxml.jackson.core:jackson-databind","2.9.9","LGPL-3.0-only,Apache-2.0","Copyright 2011 Google Inc. All Rights Reserved.","https://mvnrepository.com/artifact/com.fasterxml.jackson.core/jackson-databind"
"java","com.lowagie:itext","2.1.7","MPL-1.1,MPL-1.0","","https://mvnrepository.com/artifact/com.lowagie/itext"
"java","com.sun.xml.bind:jaxb-impl","2.1.12","CDDL-1.1","","https://mvnrepository.com/artifact/com.sun.xml.bind/jaxb-impl"
"java","com.sun.xml.bind:jaxb-xjc","2.1.12","CDDL-1.1","","https://mvnrepository.com/artifact/com.sun.xml.bind/jaxb-xjc"
"java","com.sun.xml.bind:jaxb1-impl","2.1.12","CNRI-Python-GPL-Compatible,CDDL-1.1","","https://mvnrepository.com/artifact/com.sun.xml.bind/jaxb1-impl"
"java","commons-beanutils:commons-beanutils","1.7.0","Apache-2.0","","https://mvnrepository.com/artifact/commons-beanutils/commons-beanutils"
"java","commons-beanutils:commons-beanutils-bean-collections","1.7.0","Apache-2.0","","https://mvnrepository.com/artifact/commons-beanutils/commons-beanutils-bean-collections"
"java","commons-beanutils:commons-beanutils-core","1.7.0","Apache","","https://mvnrepository.com/artifact/commons-beanutils/commons-beanutils-core"
"java","commons-codec:commons-codec","1.7","Apache-2.0","","https://mvnrepository.com/artifact/commons-codec/commons-codec"
"java","commons-discovery:commons-discovery","0.2","Apache-2.0","","https://mvnrepository.com/artifact/commons-discovery/commons-discovery"
"java","commons-httpclient:commons-httpclient","3.0.1","Apache-1.0","","https://mvnrepository.com/artifact/commons-httpclient/commons-httpclient"
"java","commons-lang:commons-lang","2.4","Apache-2.0","","https://mvnrepository.com/artifact/commons-lang/commons-lang"
"java","commons-logging:commons-logging","1.1.1","Apache-2.0","","https://mvnrepository.com/artifact/commons-logging/commons-logging"
"java","csi-apachesoap","1.4.6","Apache-2.0","",""
"java","csi-core","1.4.6","Apache-2.0","",""
"java","csi-ejb","1.4.6","Apache-2.0","",""
"java","csi-rmi","1.4.6","Apache-2.0","",""
"java","csi-stadapter","1.4.6","Apache-2.0","",""
"java","data mapper for jackson json processor","1.9.9.redhat-4","LGPL-2.1,Apache-2.0","",""
"java","dom4j","1.3","BSD","","https://mvnrepository.com/artifact/dom4j/"
"java","ecmengine-common","6.2.0","Apache-2.0,MIT","CSI Piemonte (codice sorgente rilasciato su richiesta)",""
"java","ecmengine-mtom-client","7.5.0","Apache-2.0,MIT","CSI Piemonte (codice sorgente rilasciato su richiesta)",""
"java","ecmengine-ws-client","6.6.0","Apache-2.0,MIT","CSI Piemonte (codice sorgente rilasciato su richiesta)",""
"java","ejb","2.1","CDDL","",""
"java","io.swagger:swagger-annotations","1.5.18","Apache-2.0","","https://mvnrepository.com/artifact/io.swagger/swagger-annotations"
"java","io.swagger:swagger-jaxrs","1.5.18","Apache-2.0","","https://mvnrepository.com/artifact/io.swagger/swagger-jaxrs"
"java","iridev2-pep-intf","2.0.0","Apache-2.0","Libreria rilasciata su richiesta (CSI Piemonte)",""
"java","jaas","1.0","CDDL","","https://mvnrepository.com/artifact/jaas/"
"java","jackson json processor","1.9.9.redhat-4","LGPL-2.1,Apache-2.0","",""
"java","javax.mail:mail","--","CDDL,GPL-2.0-only","","https://mvnrepository.com/artifact/javax.mail/mail"
"java","javax.validation:validation-api","1.0.0.GA-redhat-3","Apache-2.0","","https://mvnrepository.com/artifact/javax.validation/validation-api"
"java","javax.ws.rs:jsr311-api","1.1.1","CDDL-1.0","","https://mvnrepository.com/artifact/javax.ws.rs/jsr311-api"
"java","javax.xml.bind:activation","1.0.2","CDDL-1.1","","https://mvnrepository.com/artifact/javax.xml.bind/activation"
"java","jaxb-api","2.1.12","CDDL+GPL","","https://mvnrepository.com/artifact/jaxb-api/"
"java","jaxp","1.1","Apache-2.0","",""
"java","jboss [eap]","4.3.0.ga (build: svntag=jbpapp_4_3_0_ga date=200801031548)","LGPL-2.1","RedHat",""
"java","jms","1.0.2","CDDL","","https://mvnrepository.com/artifact/jms/"
"java","jndi","1.2.1","CDDL","","https://mvnrepository.com/artifact/jndi/"
"java","log4j:log4j","1.2.15","Apache-2.0","","https://mvnrepository.com/artifact/log4j/log4j"
"java","net.sourceforge.jexcelapi:jxl","2.6","LGPL-2.0-only","","https://mvnrepository.com/artifact/net.sourceforge.jexcelapi/jxl"
"java","org.apache.cxf.xjcplugins:cxf-xjc-boolean","2.2.5","Apache-2.0","","https://mvnrepository.com/artifact/org.apache.cxf.xjcplugins/cxf-xjc-boolean"
"java","org.apache.cxf:cxf-distribution-manifest","2.2.5","Apache-2.0","","https://mvnrepository.com/artifact/org.apache.cxf/cxf-distribution-manifest"
"java","org.apache.geronimo.specs:geronimo-activation_1.1_spec","1.0.2","Apache-2.0","","https://mvnrepository.com/artifact/org.apache.geronimo.specs/geronimo-activation_1.1_spec"
"java","org.apache.geronimo.specs:geronimo-activation_1.1_spec","1.1","Apache-2.0","","https://mvnrepository.com/artifact/org.apache.geronimo.specs/geronimo-activation_1.1_spec"
"java","org.apache.geronimo.specs:geronimo-annotation_1.0_spec","1.1.1","Apache-2.0","","https://mvnrepository.com/artifact/org.apache.geronimo.specs/geronimo-annotation_1.0_spec"
"java","org.apache.geronimo.specs:geronimo-jaxws_2.1_spec","1.0","Apache-2.0","","https://mvnrepository.com/artifact/org.apache.geronimo.specs/geronimo-jaxws_2.1_spec"
"java","org.apache.geronimo.specs:geronimo-stax-api_1.0_spec","1.0.1","Apache-2.0","","https://mvnrepository.com/artifact/org.apache.geronimo.specs/geronimo-stax-api_1.0_spec"
"java","org.apache.geronimo.specs:geronimo-ws-metadata_2.0_spec","1.1.2","Apache-2.0","","https://mvnrepository.com/artifact/org.apache.geronimo.specs/geronimo-ws-metadata_2.0_spec"
"java","org.apache.neethi:neethi","2.0.4","Apache-2.0","","https://mvnrepository.com/artifact/org.apache.neethi/neethi"
"java","org.apache.poi:poi","3.9","Apache-2.0","","https://mvnrepository.com/artifact/org.apache.poi/poi"
"java","org.apache.poi:poi-ooxml","3.9","Apache-2.0","","https://mvnrepository.com/artifact/org.apache.poi/poi-ooxml"
"java","org.apache.poi:poi-ooxml-schemas","3.9","Apache-2.0","","https://mvnrepository.com/artifact/org.apache.poi/poi-ooxml-schemas"
"java","org.apache.poi:poi-scratchpad","3.9","Apache-2.0","","https://mvnrepository.com/artifact/org.apache.poi/poi-scratchpad"
"java","org.apache.ws.schema:XmlSchema","1.4.5","Apache-2.0","","https://mvnrepository.com/artifact/org.apache.ws.schema/XmlSchema"
"java","org.apache.xmlbeans:xmlbeans","2.4.0","Apache-2.0","","https://mvnrepository.com/artifact/org.apache.xmlbeans/xmlbeans"
"java","org.bouncycastle:bcprov-jdk15on","1.55","CDDL+GPL","Copyright (c) 2000-2024 The Legion of the Bouncy Castle Inc. (https://www.bouncycastle.org).Permission is hereby granted, free of charge, to any person obtaining a copy of this software andassociated documentation files (the ""Software""), to deal in the Software without restriction,including without limitation the rights to use, copy, modify, merge, publish, distribute,sub license, and/or sell copies of the Software, and to permit persons to whom the Software isfurnished to do so, subject to the following conditions: The above copyright notice and thispermission notice shall be included in all copies or substantial portions of the Software.","https://mvnrepository.com/artifact/org.bouncycastle/bcprov-jdk15on"
"java","org.codehaus.jettison:jettison","1.3.1","Apache-2.0","","https://mvnrepository.com/artifact/org.codehaus.jettison/jettison"
"java","org.codehaus.woodstox:wstx-asl","3.2.9","Apache-2.0","","https://mvnrepository.com/artifact/org.codehaus.woodstox/wstx-asl"
"java","org.jboss.as:jboss-as-client-all","7.5.5.Final-redhat-3","LGPL-2.1","","https://mvnrepository.com/artifact/org.jboss.as/jboss-as-client-all"
"java","org.jboss.resteasy:resteasy-jaxrs","2.3.10.Final-redhat-1","Apache-2.0","","https://mvnrepository.com/artifact/org.jboss.resteasy/resteasy-jaxrs"
"java","org.jboss.resteasy:resteasy-multipart-provider","2.3.10.Final-redhat-1","Apache-2.0","","https://mvnrepository.com/artifact/org.jboss.resteasy/resteasy-multipart-provider"
"java","org.springframework:spring-aop","3.1.1.RELEASE","Apache-2.0","","https://mvnrepository.com/artifact/org.springframework/spring-aop"
"java","org.springframework:spring-asm","3.1.1.RELEASE","Apache-2.0","","https://mvnrepository.com/artifact/org.springframework/spring-asm"
"java","org.springframework:spring-beans","3.1.1.RELEASE","Apache-2.0","","https://mvnrepository.com/artifact/org.springframework/spring-beans"
"java","org.springframework:spring-context","3.1.1.RELEASE","Apache-2.0","","https://mvnrepository.com/artifact/org.springframework/spring-context"
"java","org.springframework:spring-core","3.1.1.RELEASE","Apache-2.0","","https://mvnrepository.com/artifact/org.springframework/spring-core"
"java","org.springframework:spring-expression","3.1.1.RELEASE","Apache-2.0","","https://mvnrepository.com/artifact/org.springframework/spring-expression"
"java","org.springframework:spring-jdbc","3.1.1.RELEASE","Apache-2.0","","https://mvnrepository.com/artifact/org.springframework/spring-jdbc"
"java","org.springframework:spring-tx","3.1.1.RELEASE","Apache-2.0","","https://mvnrepository.com/artifact/org.springframework/spring-tx"
"java","org.springframework:spring-web","3.1.1.RELEASE","Apache-2.0","","https://mvnrepository.com/artifact/org.springframework/spring-web"
"java","org.zenframework.z8.dependencies.commons:commons-io-2.2","2.0","MIT","","https://mvnrepository.com/artifact/org.zenframework.z8.dependencies.commons/commons-io-2.2"
"java","org.zenframework.z8.dependencies.servlet:servlet-api-2.5","2.0","MIT","","https://mvnrepository.com/artifact/org.zenframework.z8.dependencies.servlet/servlet-api-2.5"
"java","servlet","2.4","CDDL-1.1","","https://mvnrepository.com/artifact/servlet/"
"java","sigitext-xmlbean-client","--","","",""
"java","soap:soap","2.3.1","CDDL","","https://mvnrepository.com/artifact/soap/soap"
"java","token-retry","2.0.0","Apache-2.0,MIT","CSI Piemonte",""
"java","token-retry-plugin-axis","1.4","Apache-2.0","",""
"java","util-perf","1.0.0","Apache-2.0","",""
"java","weblogic server 9.2 mp2  mon jun 25 01:32:01 edt 2007 952826","9.2.2.0","PROPRIETARY","Oracle",""
"java","wsdl4j","1.6.2","CPL-1.0","","https://mvnrepository.com/artifact/wsdl4j/"
"java","xerces:xmlParserAPIs","2.6.1","Apache-2.0","","https://mvnrepository.com/artifact/xerces/xmlParserAPIs"
"java","xercesImpl","2.6.2","Apache-2.0","","https://mvnrepository.com/artifact/xercesImpl/"
"java","xml-resolver:xml-resolver","1.1","Apache-2.0","","https://mvnrepository.com/artifact/xml-resolver/xml-resolver"
"java","xml-resolver:xml-resolver","1.2","Apache-2.0","","https://mvnrepository.com/artifact/xml-resolver/xml-resolver"
